{"count":1,"self":85.1239552,"total":424.9774331,"children":{"InitializeActuators":{"count":20,"self":0.0019942,"total":0.0019942,"children":null},"InitializeSensors":{"count":20,"self":0.0015166,"total":0.0015166,"children":null},"AgentSendState":{"count":125034,"self":1.1675418,"total":5.3054660999999994,"children":{"CollectObservations":{"count":500140,"self":0.89922819999999992,"total":0.89922819999999992,"children":null},"WriteActionMask":{"count":500140,"self":0.23898699999999998,"total":0.23898699999999998,"children":null},"RequestDecision":{"count":500140,"self":0.8907716,"total":2.9997091,"children":{"AgentInfo.ToProto":{"count":500140,"self":0.7842498,"total":2.1089374999999997,"children":{"GenerateSensorData":{"count":500140,"self":1.3246877,"total":1.3246877,"children":null}}}}}}},"DecideAction":{"count":125034,"self":330.9876736,"total":330.9876634,"children":null},"AgentAct":{"count":125034,"self":2.8929868,"total":2.8929868,"children":null},"AgentInfo.ToProto":{"count":64434,"self":0.22681099999999998,"total":0.6638505,"children":{"GenerateSensorData":{"count":64434,"self":0.43703949999999997,"total":0.43703949999999997,"children":null}}}},"gauges":{"ExtraBomb.CumulativeReward":{"count":64434,"max":1,"min":-1,"runningAverage":0.224136889,"value":-1,"weightedAverage":-0.894575834}},"metadata":{"timer_format_version":"0.1.0","start_time_seconds":"1715864184","unity_version":"2023.2.14f1","command_line_arguments":"C:\\Program Files\\Unity\\Hub\\Editor\\2023.2.14f1\\Editor\\Unity.exe -projectpath C:\\Users\\daria\\Documents\\Daria\\GitHub\\AdvancedToolsAI\\Advanced Tools -useHub -hubIPC -cloudEnvironment production -licensingIpc LicenseClient-daria -hubSessionId 54ea891f-7449-4594-a9a8-80400da7f970 -accessToken 63r3y2f1Dv41458fG9Pu9t-35zdfmqVAwSPFaP-0fNo007f","communication_protocol_version":"1.5.0","com.unity.ml-agents_version":"2.0.1","scene_name":"Extra Bomb","end_time_seconds":"1715864609"}}